Module name	gln	hpg	ala	orn	gly	asn	thr	cys	pro	dhb	dhpg	leu	asp	tyr	glu	phe	ser	bht	ile	val
nrpspksdomains_ctg3_24_AMP-binding.1_nan	0.03968842729970327	0.030589123867069485	0.04129679660362794	0.04221635883905013	0.03389170237631477	0.035482640213658906	0.043654001616814875	0.03983148219073152	0.03883121876201461	0.9955173701905118	0.033582089552238806	0.037573385518591	0.03948852952237683	0.04001510003775009	0.04155844155844156	0.04056103108415466	0.041025641025641026	0.036940298507462686	0.04045368620037807	0.03888888888888889
