Module name	gln	hpg	ala	orn	gly	asn	thr	cys	pro	dhb	dhpg	leu	asp	tyr	glu	phe	ser	bht	ile	val
nrpspksdomains_ctg3_693_AMP-binding.2_pro	0.21513353115727002	0.270392749244713	0.2257815515245079	0.3954014323407463	0.22399688352162056	0.26859977107974053	0.2550525464834276	0.27920337035618537	0.988081507112649	0.5988046320508031	0.3041044776119403	0.28101761252446184	0.26588943211733734	0.26085315213288035	0.2923933209647495	0.2573919636087945	0.32386587771203157	0.257089552238806	0.23705103969754254	0.2507936507936508
nrpspksdomains_ctg3_693_AMP-binding.1_ser	0.994807121661721	0.9369335347432024	0.9965264376688537	0.9498680738786279	0.995714842228282	0.9813048454788249	0.997978981406629	0.9988510149368058	0.9865436370626682	0.9480762047067613	0.9227611940298508	0.989041095890411	0.9853328318916886	0.9501698754246886	0.9966604823747681	0.9685367702805155	1.0	0.8604477611940299	0.8748582230623818	0.9376984126984127
