Module name	gln	hpg	ala	orn	gly	asn	thr	cys	pro	dhb	dhpg	leu	asp	tyr	glu	phe	ser	bht	ile	val
nrpspksdomains_ctg3_664_AMP-binding.1_val	0.18434718100890207	0.4467522658610272	0.1744500192975685	0.1779117979645684	0.23568367744448773	0.21976344906524228	0.2918350848827809	0.21715817694369974	0.198000768935025	0.8785954426596937	0.30671641791044774	0.2356164383561644	0.23166603986461076	0.20347300868252172	0.18144712430426715	0.19636087945413191	0.19013806706114397	0.15634328358208954	0.6495274102079395	0.751984126984127
nrpspksdomains_ctg3_664_AMP-binding.2_pro	0.11201780415430267	0.11064954682779456	0.12157468159011965	0.11006407840180928	0.1024542267238021	0.1327737504769172	0.13823767178658045	0.09421677518192263	0.6286043829296425	0.18528203212551364	0.10522388059701493	0.13268101761252446	0.13651748777735992	0.11325028312570781	0.12987012987012986	0.11220621683093253	0.14635108481262327	0.10111940298507463	0.11304347826086956	0.12777777777777777
