Module name	gln	hpg	ala	orn	gly	asn	thr	cys	pro	dhb	dhpg	leu	asp	tyr	glu	phe	ser	bht	ile	val
nrpspksdomains_ctg3_662_AMP-binding.1_arg	0.6379821958456974	0.6083836858006042	0.4824392126592049	1.0	0.5629139072847682	0.6306753147653568	0.6770412287793047	0.7667560321715817	0.6509034986543637	0.866641763167725	0.5779850746268657	0.6563600782778864	0.8202331703647988	0.6126840317100792	0.6987012987012987	0.6034874905231236	0.7976331360946746	0.6134328358208955	0.6873345935727788	0.5928571428571429
nrpspksdomains_ctg3_662_AMP-binding.2_pro	0.7080860534124629	0.7579305135951662	0.8255499807024315	0.8145495665284583	0.7015971951694585	0.7485692483784815	0.7348423605497171	0.43355036384527	1.0	0.45498692566305565	0.8679104477611941	0.815655577299413	0.6634072959759308	0.7893544733861835	0.7465677179962894	0.8085670962850644	0.8422090729783037	0.8544776119402985	0.6669187145557656	0.7333333333333333
nrpspksdomains_ctg3_662_AMP-binding.3_cys	0.4072700296735905	0.3228851963746224	0.3512157468159012	0.5427817565020732	0.39111803661862093	0.2739412438000763	0.5569927243330639	1.0	0.27720107650903497	0.673141576391483	0.32723880597014926	0.24344422700587084	0.26024821361414063	0.2865232163080408	0.3447124304267161	0.28316906747536014	0.5069033530571992	0.2794776119402985	0.3516068052930057	0.27380952380952384
