Module name	gln	hpg	ala	orn	gly	asn	thr	cys	pro	dhb	dhpg	leu	asp	tyr	glu	phe	ser	bht	ile	val
nrpspksdomains_ctg6_159_AMP-binding.1_gly	0.9402818991097923	0.8013595166163142	0.9239675800849093	0.8948360346777233	1.0	0.8653185806943915	0.9757477768795473	0.9885101493680583	0.8623606305267205	0.9364960776989167	0.7626865671641792	0.8285714285714286	0.9402030838661151	0.9109097772744432	0.9250463821892393	0.859363153904473	0.9708086785009862	0.7970149253731343	0.8737240075614366	0.8817460317460317
