Module name	gln	hpg	ala	orn	gly	asn	thr	cys	pro	dhb	dhpg	leu	asp	tyr	glu	phe	ser	bht	ile	val
nrpspksdomains_ctg3_663_AMP-binding.1_nan	0.8768545994065282	0.8421450151057401	0.798533384793516	0.8284960422163589	0.7292559407869108	0.8431896222815719	0.8104284559417947	0.7541171964764458	0.8404459823144944	0.9600298841987299	0.8123134328358209	0.8105675146771038	0.9672809326814592	0.7187617969044923	0.8968460111317255	0.730098559514784	0.9814595660749507	0.6902985074626866	0.7175803402646502	0.8297619047619048
